src_sn_addr,dst_sn_addr,first,last,total_c,echo_req,echo_resp,create_req,create_resp,update_req,update_resp,delete_req,delete_resp
192.168.59.163,172.25.141.148,1362000203,1365538221,1385504,7349,512,0,68199,23,1240087,4503,64831
192.168.59.163,172.25.41.84,1362000203,1365538221,36212682,1241,442,0,585094,1785,35060315,3757,560048
192.168.59.115,220.103.193.34,1362000203,1365538221,998130,6811,0,0,175177,30,640811,15358,159943
192.168.59.163,172.25.141.4,1362000203,1365538221,1996204,4744,470,0,168270,68,1650573,2973,169106
192.168.59.163,172.25.141.172,1362000203,1365538221,1232894,6611,482,0,81367,60,1061433,2228,80713
192.168.59.163,220.103.193.50,1362000203,1365538221,2112378,4655,0,0,222781,165,1656176,11802,216799
192.168.59.115,211.234.233.18,1362000203,1365538221,806433,6441,0,0,194750,15,410218,9349,185660
192.168.59.115,172.25.41.20,1362000203,1365538221,1509978,9881,510,0,417,48,1494954,1,4167
192.168.59.115,172.25.141.12,1362000203,1365538221,631951,9831,496,0,525,30,619008,8,2053
220.103.193.66,192.168.59.163,1362000203,1365538221,390255,0,9875,0,0,379421,20,937,2
192.168.59.163,211.234.233.114,1362000203,1365538221,1302013,4218,0,0,217085,65,861163,8056,211426
192.168.59.115,172.25.41.100,1362000203,1365538221,2377583,9861,486,0,571,95,2360230,8,6332
211.234.233.98,192.168.59.115,1362000203,1365538221,1428237,0,5286,394220,0,634409,12,387914,6396
192.168.59.163,211.234.233.194,1362000203,1365538221,83036368,373,0,0,1737048,8974,79588826,7374,1693773
192.168.59.115,172.25.141.92,1362000203,1365538221,1392731,9856,514,0,255,46,1378972,6,3082
172.25.141.28,192.168.59.163,1362000203,1365538221,1929820,502,4885,168186,0,1584107,79,169019,3042
192.168.59.163,172.25.41.28,1362000203,1365538221,36947584,1356,512,0,525607,1986,35897014,5414,515695
172.25.141.100,192.168.59.115,1362000203,1365538221,1134485,489,9853,563,0,1120597,36,2890,57
192.168.59.115,172.25.141.132,1362000203,1365538221,452388,9852,547,0,612,12,439834,0,1531
192.168.59.163,172.25.41.4,1362000203,1365538221,36817706,1309,517,0,525728,1941,35767526,5494,515191
192.168.59.163,172.25.141.76,1362000203,1365538221,1573089,3903,1,0,191442,53,1184700,2334,190656
172.25.141.180,192.168.59.163,1362000203,1365538221,1228051,480,6517,81236,0,1056979,42,80615,2182
211.234.233.2,192.168.59.163,1362000203,1365538221,60212110,0,516,1550477,0,57136283,8736,1507322,8776
172.25.141.148,192.168.59.163,1362000203,1365538221,1385372,512,7342,68190,0,1239976,22,64806,4524
192.168.59.163,211.234.233.2,1362000203,1365538221,60218714,514,0,0,1550479,8727,57142501,8784,1507709
172.25.141.188,192.168.59.115,1362000203,1365538221,613760,478,9845,209,0,601747,25,1453,3
220.103.193.2,192.168.59.115,1362000203,1365538221,159640,0,9859,851,0,147765,12,911,242
172.25.141.68,192.168.59.115,1362000203,1365538221,1358145,521,9854,265,0,1344215,48,3231,11
220.103.193.34,192.168.59.115,1362000203,1365538221,997810,0,6814,175122,0,640502,30,159964,15378
192.168.59.163,172.25.141.36,1362000203,1365538221,1363632,5406,479,0,157260,27,1041985,2599,155876
172.25.41.108,192.168.59.163,1362000203,1365538221,39984772,510,1141,567820,0,38853049,2073,555790,4389
211.234.233.34,192.168.59.163,1362000203,1365538221,839247,0,9902,0,0,827227,46,2072,0
192.168.59.115,172.25.141.188,1362000203,1365538221,614039,9877,476,0,210,25,602001,3,1447
172.25.41.68,192.168.59.115,1362000203,1365538221,5683156,453,9837,432,0,5653142,217,19066,9
172.25.141.172,192.168.59.163,1362000203,1365538221,1232963,482,6618,81318,0,1061568,51,80709,2217
192.168.59.163,220.103.193.66,1362000203,1365538221,390186,9881,0,0,0,20,379345,2,938
172.25.41.28,192.168.59.163,1362000203,1365538221,36947633,514,1355,525591,0,35897122,1935,515707,5409
172.25.141.164,192.168.59.115,1362000203,1365538221,584761,464,9858,223,0,572746,26,1439,5
211.234.233.130,192.168.59.115,1362000203,1365538221,1089993,0,6105,228782,0,626424,13,213504,15165
192.168.59.163,172.25.141.180,1362000203,1365538221,1228274,6491,480,0,81271,46,1057212,2196,80578
192.168.59.115,172.25.141.44,1362000203,1365538221,1463277,9863,502,0,167,53,1449667,2,3023
192.168.59.163,172.25.41.116,1362000203,1365538221,40160353,1226,528,0,566792,2117,39030160,4451,555079
192.168.59.115,172.25.141.68,1362000203,1365538221,1358184,9868,525,0,267,54,1344225,11,3234
220.103.193.18,192.168.59.163,1362000203,1365538221,718704,0,9885,0,0,706844,38,1936,1
192.168.59.115,220.103.193.2,1362000203,1365538221,159551,9850,0,0,849,12,147682,247,911
192.168.59.163,172.25.141.140,1362000203,1365538221,1398016,7340,521,0,67974,27,1253063,4386,64705
211.234.233.66,192.168.59.115,1362000203,1365538221,404176,0,9878,1194,0,390919,20,2077,88
192.168.59.115,172.25.41.52,1362000203,1365538221,1056718,9868,518,0,218,40,1042999,2,3073
211.234.233.114,192.168.59.163,1362000203,1365538221,1302018,0,4219,217117,0,861109,63,211459,8051
192.168.59.115,172.25.141.52,1362000203,1365538221,1474849,9857,457,0,153,65,1461288,4,3025
172.25.141.60,192.168.59.163,1362000203,1365538221,1389034,468,5390,157519,0,1066826,30,156079,2722
192.168.59.163,172.25.141.60,1362000203,1365538221,1389377,5399,471,0,157505,32,1067229,2709,156032
172.25.141.76,192.168.59.163,1362000203,1365538221,1572972,1,3892,191387,0,1184661,42,190660,2329
192.168.59.163,211.234.233.34,1362000203,1365538221,839295,9886,0,0,0,45,827290,0,2074
172.25.141.116,192.168.59.163,1362000203,1365538221,2792256,494,6716,118047,0,2543701,109,118786,4403
192.168.59.115,172.25.41.124,1362000203,1365538221,2426611,9839,512,0,597,108,2409278,2,6275
172.25.41.4,192.168.59.163,1362000203,1365538221,36821615,518,1311,525720,0,35771171,1908,515493,5494
192.168.59.115,172.25.141.100,1362000203,1365538221,1134593,9845,488,0,565,41,1120700,57,2897
192.168.59.163,172.25.141.108,1362000203,1365538221,2860075,6716,586,0,118174,108,2611145,4420,118926
192.168.59.163,172.25.141.116,1362000203,1365538221,2792723,6703,489,0,118053,117,2544114,4398,118849
192.168.59.115,172.25.41.68,1362000203,1365538221,5682979,9864,448,0,432,226,5652936,9,19064
172.25.41.12,192.168.59.115,1362000203,1365538221,1564604,472,9862,447,0,1549530,74,4216,3
172.25.141.20,192.168.59.115,1362000203,1365538221,615528,520,9834,595,0,602414,21,2135,9
192.168.59.115,172.25.41.44,1362000203,1365538221,1104790,9874,477,0,231,37,1091060,1,3110
211.234.233.210,192.168.59.115,1362000203,1365538221,1095253,0,7443,152198,0,782785,11,145321,7495
172.25.41.116,192.168.59.163,1362000203,1365538221,40160439,528,1224,566594,0,39030550,2068,555016,4459
172.25.141.4,192.168.59.163,1362000203,1365538221,1995883,468,4744,168220,0,1650455,62,168962,2972
172.25.141.92,192.168.59.115,1362000203,1365538221,1392417,515,9872,252,0,1378664,37,3071,6
192.168.59.115,172.25.141.156,1362000203,1365538221,465874,9868,475,0,627,13,453408,3,1480
172.25.141.108,192.168.59.163,1362000203,1365538221,2859835,591,6702,118187,0,2610883,106,118943,4423
172.25.41.20,192.168.59.115,1362000203,1365538221,1509518,511,9862,418,0,1494537,46,4142,2
172.25.141.44,192.168.59.115,1362000203,1365538221,1463094,499,9844,165,0,1449513,46,3025,2
172.25.141.124,192.168.59.115,1362000203,1365538221,1095671,486,9850,551,0,1081917,50,2760,57
172.25.41.92,192.168.59.115,1362000203,1365538221,5603403,518,9858,430,0,5573662,191,18714,30
172.25.41.84,192.168.59.163,1362000203,1365538221,36218880,444,1242,585064,0,35066629,1759,559995,3747
192.168.59.115,211.234.233.50,1362000203,1365538221,951147,6332,0,0,220746,14,503234,7780,213041
172.25.41.76,192.168.59.163,1362000203,1365538221,36061353,508,1168,582745,0,34913206,1761,558244,3721
192.168.59.163,172.25.41.108,1362000203,1365538221,39982710,1141,508,0,567629,2124,38851115,4399,555794
192.168.59.115,211.234.233.210,1362000203,1365538221,1095241,7451,0,0,152115,11,782898,7500,145266
192.168.59.163,172.25.141.28,1362000203,1365538221,1930017,4869,503,0,168248,90,1584255,3053,168999
192.168.59.115,211.234.233.98,1362000203,1365538221,1428508,5284,0,0,394257,12,634528,6409,388018
220.103.193.50,192.168.59.163,1362000203,1365538221,2112218,0,4645,222788,0,1656030,169,216776,11810
172.25.41.52,192.168.59.115,1362000203,1365538221,1056704,514,9862,218,0,1042982,40,3086,2
192.168.59.163,172.25.41.60,1362000203,1365538221,24168645,2639,508,0,338110,1332,23492669,2901,330486
192.168.59.115,172.25.141.164,1362000203,1365538221,584849,9868,466,0,224,29,572827,5,1430
192.168.59.163,172.25.41.36,1362000203,1365538221,24061841,2664,503,0,338295,1308,23385316,2790,330965
172.25.141.36,192.168.59.163,1362000203,1365538221,1363729,479,5420,157308,0,1042003,24,155903,2592
211.234.233.82,192.168.59.163,1362000203,1365538221,1319732,0,9887,0,0,1305736,143,3954,12
172.25.141.84,192.168.59.163,1362000203,1365538221,1577189,5,3867,191174,0,1189219,38,190634,2252
192.168.59.115,172.25.41.92,1362000203,1365538221,5604299,9867,521,0,428,196,5574556,30,18701
192.168.59.115,211.234.233.66,1362000203,1365538221,404215,9868,0,0,1189,21,390986,86,2065
211.234.233.194,192.168.59.163,1362000203,1365538221,83024603,0,373,1736693,0,79577552,8957,1693669,7359
172.25.41.36,192.168.59.163,1362000203,1365538221,24060476,500,2666,338212,0,23384093,1256,330973,2776
192.168.59.115,172.25.141.20,1362000203,1365538221,615862,9849,525,0,590,23,602727,9,2139
172.25.141.132,192.168.59.115,1362000203,1365538221,452395,546,9857,612,0,439837,12,1531,0
192.168.59.115,172.25.141.124,1362000203,1365538221,1095851,9862,486,0,549,54,1082070,56,2774
172.25.141.156,192.168.59.115,1362000203,1365538221,465727,474,9858,626,0,453271,14,1482,2
211.234.233.18,192.168.59.115,1362000203,1365538221,806439,0,6450,194732,0,410319,15,185614,9309
172.25.41.60,192.168.59.163,1362000203,1365538221,24170841,505,2636,338184,0,23494862,1299,330457,2898
192.168.59.163,220.103.193.18,1362000203,1365538221,718802,9878,0,0,0,38,706937,1,1948
192.168.59.163,211.234.233.82,1362000203,1365538221,1319983,9890,0,0,0,145,1305987,13,3948
192.168.59.163,172.25.141.84,1362000203,1365538221,1577608,3862,5,0,191245,52,1189431,2261,190752
192.168.59.115,172.25.41.12,1362000203,1365538221,1564813,9862,469,0,450,74,1549748,3,4207
192.168.59.163,172.25.41.76,1362000203,1365538221,36055502,1168,508,0,582785,1803,34907373,3740,558125
172.25.141.12,192.168.59.115,1362000203,1365538221,631976,496,9831,528,0,619031,26,2056,8
192.168.59.115,211.234.233.130,1362000203,1365538221,1090142,6125,0,0,228640,13,626649,15184,213531
172.25.41.124,192.168.59.115,1362000203,1365538221,2426519,511,9853,601,0,2409187,103,6262,2
172.25.41.100,192.168.59.115,1362000203,1365538221,2376782,486,9862,569,0,2359431,95,6331,8
211.234.233.50,192.168.59.115,1362000203,1365538221,950946,0,6334,220694,0,503055,14,213066,7783
172.25.141.52,192.168.59.115,1362000203,1365538221,1474678,458,9847,149,0,1461136,56,3028,4
172.25.41.44,192.168.59.115,1362000203,1365538221,1104500,476,9858,232,0,1090798,37,3097,2
172.25.141.140,192.168.59.163,1362000203,1365538221,1398063,520,7341,68031,0,1253009,28,64752,4382
211.234.233.1,192.168.59.163,1362000221,1365538221,60628771,0,505,1563915,0,57525092,9034,1521280,8945
211.234.233.49,192.168.59.115,1362000221,1365538221,981157,0,6376,222995,0,528770,17,215137,7862
192.168.59.115,211.234.233.49,1362000221,1365538221,981111,6380,0,0,222942,17,528781,7865,215126
192.168.59.115,211.234.233.97,1362000221,1365538221,1434941,5295,0,0,400543,21,628434,6563,394085
220.103.193.65,192.168.59.163,1362000221,1365538221,427269,0,9978,0,0,416259,31,998,3
211.234.233.129,192.168.59.115,1362000221,1365538221,1133296,0,6259,230616,0,665860,9,215319,15233
220.103.193.33,192.168.59.115,1362000221,1365538221,1051708,0,6959,175753,0,693057,34,160494,15411
192.168.59.163,211.234.233.33,1362000221,1365538221,818003,9981,0,0,0,44,805917,1,2060
220.103.193.17,192.168.59.163,1362000221,1365538221,755836,0,9972,0,0,743861,45,1957,1
211.234.233.33,192.168.59.163,1362000221,1365538221,818082,0,9983,0,0,805996,44,2058,1
211.234.233.97,192.168.59.115,1362000221,1365538221,1435039,0,5292,400575,0,628444,21,394144,6563
192.168.59.163,211.234.233.113,1362000221,1365538221,1334522,4233,0,0,220174,83,887571,8294,214167
192.168.59.163,211.234.233.81,1362000221,1365538221,1432063,9974,0,0,0,162,1417782,8,4137
192.168.59.163,220.103.193.65,1362000221,1365538221,427205,9973,0,0,0,31,416204,3,994
192.168.59.115,220.103.193.33,1362000221,1365538221,1051866,6964,0,0,175752,34,693179,15429,160508
192.168.59.115,211.234.233.17,1362000221,1365538221,826691,6557,0,0,198915,21,421929,9492,189777
220.103.193.1,192.168.59.115,1362000221,1365538221,193292,0,9957,892,0,181203,13,997,230
192.168.59.163,220.103.193.17,1362000221,1365538221,755796,9969,0,0,0,44,743820,0,1963
211.234.233.193,192.168.59.163,1362000221,1365538221,85299902,0,304,1888321,0,81550256,8956,1843332,8733
211.234.233.17,192.168.59.115,1362000221,1365538221,826752,0,6561,198971,0,421962,21,189753,9484
192.168.59.163,211.234.233.1,1362000221,1365538221,60627340,505,0,0,1563940,9035,57523704,8943,1521213
211.234.233.65,192.168.59.115,1362000221,1365538221,426872,0,9964,1162,0,413583,23,2068,72
192.168.59.163,220.103.193.49,1362000221,1365538221,2223115,4656,0,0,225560,172,1761134,11900,219693
211.234.233.209,192.168.59.115,1362000221,1365538221,1109176,0,7500,155234,0,790553,11,148328,7550
211.234.233.113,192.168.59.163,1362000221,1365538221,1334604,0,4237,220165,0,887636,84,214185,8297
192.168.59.115,211.234.233.65,1362000221,1365538221,426862,9967,0,0,1160,23,413573,72,2067
192.168.59.115,211.234.233.129,1362000221,1365538221,1133169,6260,0,0,230581,9,665794,15229,215296
211.234.233.81,192.168.59.163,1362000221,1365538221,1432073,0,9971,0,0,1417781,163,4150,8
192.168.59.115,220.103.193.1,1362000221,1365538221,193226,9956,0,0,893,13,181141,229,994
192.168.59.115,211.234.233.209,1362000221,1365538221,1109104,7503,0,0,155241,11,790454,7550,148345
220.103.193.49,192.168.59.163,1362000221,1365538221,2223166,0,4654,225560,0,1761182,172,219702,11896
192.168.59.163,211.234.233.193,1362000221,1365538221,85296619,304,0,0,1888238,8954,81547097,8745,1843281
192.168.59.163,172.25.51.148,1362000221,1365538221,4648396,9970,528,0,0,129,4626030,4,11735
172.25.51.244,192.168.59.115,1362000221,1365538221,20584084,553,5195,303670,0,19978360,1033,293535,1738
172.25.31.20,192.168.59.163,1362000221,1365538221,899299,456,9977,0,0,886870,32,1963,1
172.25.31.188,192.168.59.163,1362000221,1365538221,4074560,500,9977,0,0,4051895,151,12029,8
172.25.51.140,192.168.59.163,1362000221,1365538221,4624299,458,9982,0,0,4601879,105,11869,6
172.25.11.228,192.168.59.115,1362000221,1365538221,1750751,505,9969,666,0,1734574,82,4946,9
172.25.31.116,192.168.59.115,1362000221,1365538221,25129792,489,4388,437560,0,24262195,949,420003,4208
192.168.59.115,172.25.31.172,1362000221,1365538221,37692873,3658,495,0,512160,1835,36677694,2809,494222
192.168.59.115,172.25.11.180,1362000221,1365538221,8089596,9968,506,0,320,353,8048167,35,30247
172.25.51.44,192.168.59.115,1362000221,1365538221,17230755,519,6039,252982,0,16720588,737,247353,2537
192.168.59.163,172.25.51.116,1362000221,1365538221,3639960,9974,511,0,0,206,3612620,7,16642
172.25.51.20,192.168.59.115,1362000221,1365538221,19376031,495,5830,269600,0,18831461,996,265596,2053
192.168.59.163,172.25.11.20,1362000221,1365538221,33950338,952,522,0,614344,1654,32733766,3576,595524
192.168.59.163,172.25.31.132,1362000221,1365538221,4386212,9971,557,0,0,213,4357620,7,17844
172.25.51.28,192.168.59.163,1362000221,1365538221,571079,490,9974,0,0,559398,32,1184,1
172.25.31.164,192.168.59.163,1362000221,1365538221,4077786,520,9979,0,0,4055216,174,11888,9
172.25.11.12,192.168.59.163,1362000221,1365538221,33877028,503,973,613311,0,32661535,1720,595407,3579
172.25.31.172,192.168.59.115,1362000221,1365538221,37694498,495,3661,512212,0,36679349,1792,494187,2802
192.168.59.115,172.25.11.84,1362000221,1365538221,4925584,9964,479,0,536,225,4898778,10,15592
172.25.11.116,192.168.59.115,1362000221,1365538221,865689,526,9984,64,0,852795,28,2291,1
192.168.59.163,172.25.31.92,1362000221,1365538221,6837424,9975,439,0,0,228,6801791,15,24976
192.168.59.115,172.25.11.252,1362000221,1365538221,1751720,9975,506,0,710,79,1735437,3,5010
172.25.11.140,192.168.59.115,1362000221,1365538221,7933075,506,9973,436,0,7892342,331,29380,107
172.25.31.124,192.168.59.163,1362000221,1365538221,3887241,495,9974,0,0,3863851,117,12791,13
172.25.11.244,192.168.59.163,1362000221,1365538221,38216228,462,1389,515958,0,37186157,2332,505677,4253
172.25.51.188,192.168.59.115,1362000221,1365538221,42464614,0,3317,572554,0,41320374,2079,562358,3932
172.25.31.180,192.168.59.115,1362000221,1365538221,37547560,462,3529,510939,0,36534865,1686,493379,2700
192.168.59.163,172.25.31.124,1362000221,1365538221,3886784,9976,494,0,0,120,3863381,13,12800
172.25.31.12,192.168.59.163,1362000221,1365538221,893658,490,9971,0,0,881152,50,1993,2
192.168.59.163,172.25.51.220,1362000221,1365538221,2619732,9977,526,0,0,157,2601295,3,7774
192.168.59.115,172.25.31.116,1362000221,1365538221,25128248,4391,487,0,437569,978,24260635,4208,419980
172.25.51.236,192.168.59.115,1362000221,1365538221,20593143,477,5203,302786,0,19988387,1109,293459,1722
192.168.59.115,172.25.31.60,1362000221,1365538221,20099439,6264,528,0,248557,706,19609632,1115,232637
192.168.59.163,172.25.51.180,1362000221,1365538221,1800639,9967,651,0,0,94,1785558,1,4368
172.25.51.212,192.168.59.115,1362000221,1365538221,34042303,517,3955,460913,0,33124558,1538,449141,1681
192.168.59.163,172.25.11.92,1362000221,1365538221,33608932,1661,484,0,470108,1870,32681730,2272,450807
192.168.59.115,172.25.51.52,1362000221,1365538221,17217330,6096,468,0,252396,774,16708114,2516,246966
192.168.59.115,172.25.51.124,1362000221,1365538221,33503369,3787,481,0,506048,1665,32497551,2028,491809
192.168.59.115,172.25.31.84,1362000221,1365538221,21376373,5139,505,0,336314,839,20724728,1337,307511
192.168.59.115,172.25.51.212,1362000221,1365538221,34040728,3953,519,0,460839,1567,33123066,1680,449104
192.168.59.115,172.25.31.140,1362000221,1365538221,26116535,4784,466,0,369684,1069,25390593,1103,348836
172.25.31.76,192.168.59.115,1362000221,1365538221,21445499,511,5167,337408,0,20792161,845,308028,1379
192.168.59.115,172.25.11.148,1362000221,1365538221,7993610,9969,501,0,452,345,7952926,86,29331
172.25.11.164,192.168.59.163,1362000221,1365538221,24353087,499,2185,390558,0,23597583,1278,359697,1287
192.168.59.163,172.25.31.52,1362000221,1365538221,4481251,9973,491,0,0,134,4460372,8,10273
192.168.59.163,172.25.31.188,1362000221,1365538221,4074100,9973,502,0,0,154,4051432,8,12031
192.168.59.163,172.25.11.44,1362000221,1365538221,32789659,1430,542,0,554876,1693,31689505,3109,538504
192.168.59.163,172.25.11.244,1362000221,1365538221,38214057,1388,462,0,515941,2370,37184019,4256,505621
172.25.11.52,192.168.59.163,1362000221,1365538221,32790116,472,1464,553482,0,31693437,1706,536453,3102
172.25.11.212,192.168.59.163,1362000221,1365538221,37542900,467,1399,506038,0,36535231,2052,494469,3244
192.168.59.163,172.25.11.156,1362000221,1365538221,25928019,2012,503,0,396895,1413,25158481,2054,366661
172.25.51.148,192.168.59.163,1362000221,1365538221,4648708,528,9969,0,0,4626337,126,11744,4
192.168.59.115,172.25.51.12,1362000221,1365538221,19707087,5810,530,0,269798,1018,19161862,1980,266089
172.25.51.52,192.168.59.115,1362000221,1365538221,17217927,468,6093,252399,0,16708668,757,247026,2516
172.25.11.148,192.168.59.115,1362000221,1365538221,7993986,503,9972,454,0,7953298,337,29336,86
172.25.11.188,192.168.59.163,1362000221,1365538221,24613674,537,2154,391512,0,23857525,1312,359313,1321
192.168.59.115,172.25.11.220,1362000221,1365538221,2531539,9950,481,0,826,90,2513214,7,6971
172.25.11.172,192.168.59.115,1362000221,1365538221,8140850,480,9966,360,0,8099670,318,30029,27
172.25.31.100,192.168.59.163,1362000221,1365538221,3932245,535,9972,0,0,3908730,125,12872,11
192.168.59.115,172.25.51.188,1362000221,1365538221,42462428,3320,0,0,572522,2121,41318125,3933,562407
172.25.51.220,192.168.59.163,1362000221,1365538221,2620039,527,9976,0,0,2601594,153,7786,3
192.168.59.163,172.25.51.4,1362000221,1365538221,591713,9972,488,0,0,21,580102,0,1130
172.25.11.60,192.168.59.115,1362000221,1365538221,3171943,484,9938,1038,0,3148843,120,11509,11
172.25.31.108,192.168.59.115,1362000221,1365538221,25184578,489,4304,437974,0,24316085,971,420584,4171
192.168.59.163,172.25.51.252,1362000221,1365538221,1896801,9977,547,0,0,82,1881689,5,4501
172.25.51.204,192.168.59.115,1362000221,1365538221,34288671,450,3898,461198,0,33369546,1488,450376,1715
172.25.51.68,192.168.59.115,1362000221,1365538221,32625671,476,3036,639783,0,31355400,1315,616404,9257
192.168.59.115,172.25.51.68,1362000221,1365538221,32623772,3037,477,0,639827,1342,31353400,9273,616416
192.168.59.115,172.25.31.28,1362000221,1365538221,25413878,4951,498,0,357687,1232,24693940,2776,352794
192.168.59.115,172.25.11.36,1362000221,1365538221,3157220,9959,516,0,1021,120,3134227,10,11367
172.25.51.76,192.168.59.163,1362000221,1365538221,3830561,537,9976,72,0,3805150,153,14058,615
192.168.59.115,172.25.31.180,1362000221,1365538221,37546000,3527,461,0,510925,1712,36533292,2697,493386
192.168.59.115,172.25.51.244,1362000221,1365538221,20582643,5192,553,0,303610,1054,19976961,1740,293533
172.25.11.236,192.168.59.163,1362000221,1365538221,37984424,519,1396,515505,0,36954947,2194,505666,4197
192.168.59.163,172.25.11.100,1362000221,1365538221,19242823,3441,551,0,270183,1136,18702995,2712,261805
192.168.59.163,172.25.31.20,1362000221,1365538221,899264,9974,455,0,0,33,886835,1,1966
172.25.51.228,192.168.59.163,1362000221,1365538221,1923161,488,9979,0,0,1908126,88,4473,7
192.168.59.163,172.25.11.12,1362000221,1365538221,33875062,973,502,0,613333,1763,32659529,3581,595381
192.168.59.163,172.25.11.212,1362000221,1365538221,37541137,1398,468,0,505932,2113,36533535,3244,494447
172.25.51.12,192.168.59.115,1362000221,1365538221,19708113,530,5810,269805,0,19162898,985,266105,1980
192.168.59.115,172.25.11.108,1362000221,1365538221,845949,9972,467,0,69,43,833135,2,2261
172.25.11.252,192.168.59.115,1362000221,1365538221,1751753,506,9973,710,0,1735472,80,5009,3
172.25.31.156,192.168.59.163,1362000221,1365538221,4353067,409,9978,0,0,4324956,211,17509,4
192.168.59.115,172.25.51.44,1362000221,1365538221,17230213,6034,519,0,252997,763,16720009,2535,247356
172.25.11.180,192.168.59.115,1362000221,1365538221,8089747,506,9968,317,0,8048351,343,30232,30
172.25.11.28,192.168.59.115,1362000221,1365538221,4135078,510,9966,503,0,4110567,158,13359,15
192.168.59.115,172.25.51.132,1362000221,1365538221,26363477,5378,503,0,319592,955,25733794,793,302462
172.25.51.196,192.168.59.163,1362000221,1365538221,2623162,495,9972,1,0,2604686,136,7869,3
192.168.59.163,172.25.51.76,1362000221,1365538221,3830429,9981,537,0,73,154,3805007,616,14061
192.168.59.163,172.25.31.100,1362000221,1365538221,3931855,9975,535,0,0,129,3908344,11,12861
172.25.51.172,192.168.59.163,1362000221,1365538221,1802194,0,9974,0,0,1787938,77,4205,0
192.168.59.163,172.25.51.36,1362000221,1365538221,766915,9978,518,0,0,36,754707,2,1674
172.25.11.220,192.168.59.115,1362000221,1365538221,2531631,480,9953,825,0,2513304,88,6974,7
192.168.59.163,172.25.11.164,1362000221,1365538221,24352083,2184,498,0,390555,1295,23596543,1288,359720
172.25.31.92,192.168.59.163,1362000221,1365538221,6838296,438,9977,0,0,6802659,226,24981,15
172.25.11.76,192.168.59.115,1362000221,1365538221,4966340,523,9953,586,0,4939063,204,15994,17
192.168.59.115,172.25.51.100,1362000221,1365538221,33517112,3743,498,0,504975,1667,32513336,1929,490964
172.25.31.84,192.168.59.115,1362000221,1365538221,21377424,505,5141,336291,0,20725749,826,307578,1334
192.168.59.115,172.25.11.4,1362000221,1365538221,4239065,9964,498,0,524,192,4214515,10,13362
172.25.51.92,192.168.59.115,1362000221,1365538221,32494517,480,3023,638742,0,31224979,1343,616684,9266
172.25.11.84,192.168.59.115,1362000221,1365538221,4925866,481,9966,537,0,4899057,219,15596,10
192.168.59.115,172.25.11.172,1362000221,1365538221,8140628,9970,480,0,360,327,8099462,27,30002
172.25.51.132,192.168.59.115,1362000221,1365538221,26365029,505,5377,319648,0,25735327,928,302452,792
172.25.51.60,192.168.59.163,1362000221,1365538221,755350,525,9972,0,0,743073,42,1738,0
172.25.31.28,192.168.59.115,1362000221,1365538221,25415502,497,4951,357726,0,24695474,1211,352865,2778
172.25.51.252,192.168.59.163,1362000221,1365538221,1896833,547,9974,0,0,1881726,77,4504,5
172.25.51.36,192.168.59.163,1362000221,1365538221,766926,516,9977,0,0,754730,32,1669,2
192.168.59.163,172.25.11.236,1362000221,1365538221,37983031,1396,518,0,515547,2240,36953446,4193,505691
172.25.51.4,192.168.59.163,1362000221,1365538221,591668,488,9979,0,0,580053,19,1128,1
172.25.31.4,192.168.59.115,1362000221,1365538221,25425935,548,4942,358496,0,24704604,1243,353288,2814
192.168.59.163,172.25.51.140,1362000221,1365538221,4623959,9979,459,0,0,109,4601534,6,11872
172.25.51.124,192.168.59.115,1362000221,1365538221,33504640,482,3783,506058,0,32498814,1643,491831,2029
192.168.59.115,172.25.11.76,1362000221,1365538221,4966065,9949,522,0,586,215,4938783,17,15993
192.168.59.115,172.25.51.92,1362000221,1365538221,32492619,3022,480,0,638696,1375,31223003,9274,616769
172.25.51.84,192.168.59.163,1362000221,1365538221,3877419,484,9972,60,0,3851722,182,14336,663
192.168.59.163,172.25.11.68,1362000221,1365538221,33725672,1658,471,0,471263,1842,32796639,2194,451605
192.168.59.115,172.25.51.204,1362000221,1365538221,34287105,3900,451,0,461175,1516,33368027,1715,450321
192.168.59.115,172.25.31.148,1362000221,1365538221,25944037,4630,494,0,369437,1120,25217651,1196,349509
172.25.11.156,192.168.59.163,1362000221,1365538221,25928457,505,2012,396892,0,25158880,1382,366734,2052
192.168.59.115,172.25.51.164,1362000221,1365538221,42426258,3316,0,0,571970,1989,41282690,3994,562299
192.168.59.163,172.25.31.44,1362000221,1365538221,4439830,9972,517,0,0,154,4419012,4,10171
172.25.31.68,192.168.59.163,1362000221,1365538221,6912115,513,9976,0,0,6876291,242,25080,13
192.168.59.163,172.25.51.108,1362000221,1365538221,3609863,9977,451,0,0,207,3582641,3,16584
172.25.11.36,192.168.59.115,1362000221,1365538221,3157179,517,9960,1022,0,3134178,115,11377,10
192.168.59.163,172.25.51.196,1362000221,1365538221,2622731,9975,495,0,1,137,2604239,3,7881
192.168.59.163,172.25.31.156,1362000221,1365538221,4352717,9979,409,0,0,211,4324596,4,17518
192.168.59.163,172.25.11.132,1362000221,1365538221,25750133,1963,478,0,397914,1382,24979979,2021,366396
192.168.59.115,172.25.31.36,1362000221,1365538221,20023134,6145,528,0,247888,705,19533710,1172,232986
172.25.51.100,192.168.59.115,1362000221,1365538221,33518439,496,3738,505012,0,32514641,1636,490990,1926
192.168.59.115,172.25.11.60,1362000221,1365538221,3171860,9948,484,0,1038,122,3148743,11,11514
172.25.11.124,192.168.59.163,1362000221,1365538221,19432984,447,3293,270648,0,18892701,1138,261996,2761
172.25.31.36,192.168.59.115,1362000221,1365538221,20023585,529,6144,247877,0,19534197,694,232974,1170
192.168.59.115,172.25.11.228,1362000221,1365538221,1750809,9971,505,0,665,81,1734634,9,4944
172.25.11.4,192.168.59.115,1362000221,1365538221,4239320,497,9958,523,0,4214778,187,13367,10
172.25.51.156,192.168.59.115,1362000221,1365538221,26420887,476,5296,320160,0,25789936,822,303448,749
192.168.59.115,172.25.11.140,1362000221,1365538221,7932837,9968,506,0,436,345,7892108,107,29367
192.168.59.163,172.25.11.188,1362000221,1365538221,24612844,2155,537,0,391478,1349,23856661,1321,359343
172.25.31.60,192.168.59.115,1362000221,1365538221,20099983,528,6259,248539,0,19610204,685,232654,1114
172.25.31.44,192.168.59.163,1362000221,1365538221,4440267,518,9979,0,0,4419440,153,10173,4
192.168.59.163,172.25.11.204,1362000221,1365538221,37518179,1392,501,0,505191,2086,36511522,3320,494167
172.25.11.44,192.168.59.163,1362000221,1365538221,32791147,543,1428,554843,0,31691082,1654,538494,3103
172.25.51.164,192.168.59.115,1362000221,1365538221,42428587,0,3315,572007,0,41284986,1963,562325,3991
192.168.59.163,172.25.51.172,1362000221,1365538221,1802006,9978,0,0,0,80,1787749,0,4199
172.25.11.20,192.168.59.163,1362000221,1365538221,33952744,522,952,614319,0,32736246,1615,595519,3571
172.25.11.100,192.168.59.163,1362000221,1365538221,19245064,550,3440,270189,0,18705257,1110,261810,2708
192.168.59.115,172.25.51.20,1362000221,1365538221,19374856,5829,496,0,269601,1048,18830263,2050,265569
172.25.51.180,192.168.59.163,1362000221,1365538221,1800759,652,9979,0,0,1785670,89,4368,1
192.168.59.115,172.25.51.156,1362000221,1365538221,26419750,5297,478,0,320199,841,25788754,749,303432
192.168.59.115,172.25.51.236,1362000221,1365538221,20591264,5208,477,0,302770,1133,19986516,1723,293437
172.25.11.68,192.168.59.163,1362000221,1365538221,33727053,471,1658,471244,0,32798096,1803,451594,2187
172.25.11.196,192.168.59.115,1362000221,1365538221,2541749,550,9968,801,0,2523321,85,7016,8
192.168.59.163,172.25.51.84,1362000221,1365538221,3877046,9977,484,0,60,187,3851337,664,14337
192.168.59.163,172.25.31.12,1362000221,1365538221,893678,9983,490,0,0,51,881160,2,1992
172.25.51.116,192.168.59.163,1362000221,1365538221,3640008,512,9979,0,0,3612679,203,16628,7
192.168.59.163,172.25.11.52,1362000221,1365538221,32788351,1464,472,0,553401,1751,31691710,3108,536445
192.168.59.163,172.25.31.68,1362000221,1365538221,6911196,9976,511,0,0,253,6875381,13,25062
192.168.59.163,172.25.31.164,1362000221,1365538221,4077432,9984,520,0,0,178,4054848,9,11893
172.25.31.148,192.168.59.115,1362000221,1365538221,25944727,495,4627,369443,0,25218377,1093,349496,1196
192.168.59.163,172.25.51.28,1362000221,1365538221,571070,9985,488,0,0,32,559383,1,1181
192.168.59.163,172.25.51.228,1362000221,1365538221,1923159,9977,488,0,0,92,1908115,7,4480
192.168.59.163,172.25.51.60,1362000221,1365538221,755246,9980,525,0,0,42,742962,0,1737
192.168.59.115,172.25.11.116,1362000221,1365538221,865756,9976,526,0,63,33,852863,1,2294
172.25.31.52,192.168.59.163,1362000221,1365538221,4481800,492,9976,0,0,4460924,132,10268,8
192.168.59.115,172.25.31.4,1362000221,1365538221,25424449,4942,547,0,358434,1269,24703210,2814,353233
172.25.11.92,192.168.59.163,1362000221,1365538221,33610322,484,1660,470110,0,32683116,1818,450865,2269
192.168.59.115,172.25.11.28,1362000221,1365538221,4134801,9966,510,0,505,160,4110277,15,13368
172.25.11.108,192.168.59.115,1362000221,1365538221,845970,466,9974,69,0,833154,42,2263,2
172.25.31.132,192.168.59.163,1362000221,1365538221,4386554,558,9976,0,0,4357960,208,17845,7
192.168.59.115,172.25.11.196,1362000221,1365538221,2541701,9959,550,0,801,89,2523274,8,7020
172.25.51.108,192.168.59.163,1362000221,1365538221,3610144,452,9982,0,0,3582917,200,16590,3
172.25.11.132,192.168.59.163,1362000221,1365538221,25751787,478,1963,397925,0,24981615,1364,366425,2017
192.168.59.163,172.25.11.124,1362000221,1365538221,19431283,3294,447,0,270665,1173,18890938,2765,262001
172.25.11.204,192.168.59.163,1362000221,1365538221,37519305,501,1393,505164,0,36512695,2037,494204,3311
172.25.31.140,192.168.59.115,1362000221,1365538221,26118408,468,4778,369720,0,25392475,1046,348819,1102
192.168.59.115,172.25.31.76,1362000221,1365538221,21444882,5165,511,0,337437,873,20791443,1382,308071
192.168.59.115,172.25.31.108,1362000221,1365538221,25183258,4304,489,0,437881,989,24314841,4168,420586
192.168.59.115,220.103.193.66,1362000221,1365538221,783649,6360,0,0,240403,6,296350,5087,235443
172.25.41.116,192.168.59.115,1362000221,1365538221,2468715,490,9982,539,0,2451163,96,6441,4
192.168.59.163,220.103.193.2,1362000221,1365538221,3048179,6561,0,0,119732,357,2789294,8639,123596
172.25.141.172,192.168.59.115,1362000221,1365538221,628996,548,9972,205,0,616870,21,1377,3
172.25.141.36,192.168.59.115,1362000221,1365538221,1530408,510,9976,151,0,1516687,50,3033,1
192.168.59.115,172.25.141.148,1362000221,1365538221,486387,9962,492,0,641,15,473787,5,1485
192.168.59.163,211.234.233.98,1362000221,1365538221,1259927,9980,0,0,0,86,1246064,8,3789
211.234.233.82,192.168.59.115,1362000221,1365538221,1422916,0,5968,336484,0,742651,61,330538,7214
172.25.41.4,192.168.59.115,1362000221,1365538221,1516589,497,9972,433,0,1501351,48,4279,9
172.25.141.132,192.168.59.163,1362000221,1365538221,1341470,450,7468,68993,0,1194431,28,65531,4569
211.234.233.2,192.168.59.115,1362000221,1365538221,218518,0,9960,719,0,206700,15,771,353
172.25.41.92,192.168.59.163,1362000221,1365538221,36606508,491,1187,591060,0,35441894,1755,566325,3796
192.168.59.163,172.25.41.52,1362000221,1365538221,24161536,2642,471,0,341906,1309,23476970,2817,335421
211.234.233.210,192.168.59.163,1362000221,1365538221,567086,0,9977,0,0,555728,29,1352,0
192.168.59.115,172.25.141.76,1362000221,1365538221,1331682,9971,474,0,282,59,1317784,5,3107
220.103.193.66,192.168.59.115,1362000221,1365538221,783676,0,6364,240435,0,296370,6,235420,5081
192.168.59.163,172.25.41.12,1362000221,1365538221,37004525,1337,501,0,531673,1989,35942782,5552,520691
192.168.59.163,211.234.233.18,1362000221,1365538221,1209049,9976,0,0,0,114,1195147,4,3808
192.168.59.163,172.25.141.188,1362000221,1365538221,1295724,6627,539,0,82143,48,1122656,2227,81484
192.168.59.163,172.25.41.100,1362000221,1365538221,40089470,1129,463,0,573742,2182,38945994,4432,561528
192.168.59.163,172.25.141.124,1362000221,1365538221,2882418,6710,492,0,119128,114,2631639,4497,119838
172.25.141.4,192.168.59.115,1362000221,1365538221,627984,462,9933,553,0,614908,25,2097,6
192.168.59.163,172.25.141.92,1362000221,1365538221,1760096,3891,1,0,193670,37,1367094,2328,193075
220.103.193.34,192.168.59.163,1362000221,1365538221,2852782,0,9976,0,0,2831899,167,10712,28
192.168.59.115,172.25.141.180,1362000221,1365538221,622969,9967,504,0,212,22,610817,4,1443
211.234.233.18,192.168.59.163,1362000221,1365538221,1209124,0,9981,0,0,1195226,110,3803,4
192.168.59.115,172.25.41.60,1362000221,1365538221,1098439,9966,477,0,255,30,1084476,2,3233
192.168.59.163,172.25.141.156,1362000221,1365538221,1421040,7380,509,0,68782,30,1274445,4505,65389
192.168.59.115,172.25.41.4,1362000221,1365538221,1516486,9974,497,0,434,49,1501240,9,4283
172.25.41.68,192.168.59.163,1362000221,1365538221,36542277,545,1168,591193,0,35377982,1874,565641,3874
192.168.59.115,172.25.141.36,1362000221,1365538221,1530333,9976,510,0,151,65,1516598,1,3032
192.168.59.163,172.25.141.100,1362000221,1365538221,2924032,6744,419,0,119350,130,2672837,4464,120088
192.168.59.115,211.234.233.194,1362000221,1365538221,300832,9962,0,0,693,19,288764,33,1361
192.168.59.163,172.25.141.132,1362000221,1365538221,1341456,7461,451,0,68979,28,1194431,4570,65536
172.25.41.100,192.168.59.163,1362000221,1365538221,40095381,463,1127,573791,0,38951944,2128,561505,4423
220.103.193.2,192.168.59.163,1362000221,1365538221,3048454,0,6564,119714,0,2789611,356,123579,8630
220.103.193.50,192.168.59.115,1362000221,1365538221,243949,0,9969,420,0,232616,16,835,93
192.168.59.163,172.25.141.44,1362000221,1365538221,1371517,5559,532,0,159152,28,1045865,2752,157629
172.25.41.36,192.168.59.115,1362000221,1365538221,1138535,516,9969,278,0,1124589,35,3144,4
172.25.141.44,192.168.59.163,1362000221,1365538221,1371481,532,5561,159145,0,1045817,28,157644,2754
192.168.59.163,220.103.193.34,1362000221,1365538221,2852821,9974,0,0,0,166,2831943,28,10710
172.25.41.124,192.168.59.163,1362000221,1365538221,40090234,485,1194,573874,0,38946977,2142,561133,4429
192.168.59.115,211.234.233.2,1362000221,1365538221,218532,9962,0,0,719,15,206713,352,771
192.168.59.115,172.25.141.28,1362000221,1365538221,614669,9927,509,0,612,25,601393,8,2195
192.168.59.163,172.25.41.92,1362000221,1365538221,36597974,1187,493,0,591042,1793,35433464,3796,566199
192.168.59.115,220.103.193.50,1362000221,1365538221,243946,9976,0,0,421,16,232603,93,837
172.25.41.28,192.168.59.115,1362000221,1365538221,1586705,499,9975,432,0,1571491,66,4239,3
192.168.59.163,172.25.41.68,1362000221,1365538221,36534005,1169,548,0,591258,1912,35369654,3874,565590
211.234.233.66,192.168.59.163,1362000221,1365538221,1482363,0,4311,236141,0,1003229,108,231019,7555
172.25.141.140,192.168.59.115,1362000221,1365538221,486061,477,9970,563,0,473620,15,1409,7
220.103.193.18,192.168.59.115,1362000221,1365538221,1225242,0,6140,261440,0,696756,10,250354,10542
172.25.141.180,192.168.59.115,1362000221,1365538221,622964,505,9972,215,0,610800,22,1446,4
192.168.59.115,172.25.141.84,1362000221,1365538221,1335136,9971,477,0,261,62,1321239,7,3119
172.25.141.188,192.168.59.163,1362000221,1365538221,1295816,537,6633,82128,0,1122766,46,81480,2226
172.25.141.84,192.168.59.115,1362000221,1365538221,1335162,477,9965,260,0,1321278,57,3118,7
192.168.59.115,172.25.41.108,1362000221,1365538221,2400001,9975,502,0,593,90,2382483,2,6356
211.234.233.194,192.168.59.115,1362000221,1365538221,300813,0,9961,692,0,288748,19,1360,33
192.168.59.163,172.25.141.68,1362000221,1365538221,1571939,3926,0,0,193272,55,1179672,2382,192632
172.25.141.108,192.168.59.115,1362000221,1365538221,1148462,502,9961,583,0,1134412,48,2880,76
172.25.141.60,192.168.59.115,1362000221,1365538221,1555471,490,9971,145,0,1541743,41,3077,4
172.25.41.12,192.168.59.163,1362000221,1365538221,37010434,502,1336,531666,0,35948648,1955,520780,5547
172.25.141.52,192.168.59.163,1362000221,1365538221,1396313,478,5460,158949,0,1071147,27,157538,2714
172.25.141.28,192.168.59.115,1362000221,1365538221,614694,509,9931,614,0,601413,23,2196,8
192.168.59.163,172.25.41.44,1362000221,1365538221,24270593,2647,505,0,341294,1294,23586847,2887,335119
211.234.233.98,192.168.59.163,1362000221,1365538221,1259962,0,9970,0,0,1246105,87,3792,8
192.168.59.163,172.25.41.20,1362000221,1365538221,37400482,1342,457,0,532743,2049,36336430,5508,521953
192.168.59.115,220.103.193.18,1362000221,1365538221,1225226,6136,0,0,261425,10,696758,10540,250357
192.168.59.115,172.25.41.28,1362000221,1365538221,1586627,9975,500,0,434,66,1571416,3,4233
172.25.141.124,192.168.59.163,1362000221,1365538221,2882362,494,6724,119126,0,2631568,110,119836,4504
192.168.59.115,172.25.141.108,1362000221,1365538221,1148416,9964,503,0,581,48,1134365,76,2879
192.168.59.115,172.25.141.140,1362000221,1365538221,485997,9965,476,0,563,16,473563,7,1407
192.168.59.115,172.25.41.76,1362000221,1365538221,5621733,9976,511,0,427,182,5591229,16,19392
172.25.141.92,192.168.59.163,1362000221,1365538221,1760163,1,3890,193669,0,1367160,37,193074,2332
172.25.141.100,192.168.59.163,1362000221,1365538221,2924098,419,6747,119341,0,2672955,118,120053,4465
192.168.59.163,172.25.141.20,1362000221,1365538221,1916906,4940,505,0,169821,75,1567837,3007,170721
211.234.233.34,192.168.59.115,1362000221,1365538221,1424219,0,5362,308323,0,802325,6,298356,9847
192.168.59.163,172.25.141.52,1362000221,1365538221,1396244,5461,477,0,158935,31,1071047,2715,157578
211.234.233.114,192.168.59.115,1362000221,1365538221,251931,0,9972,726,0,239827,25,1364,17
172.25.141.148,192.168.59.115,1362000221,1365538221,486400,493,9968,643,0,473791,15,1485,5
172.25.41.20,192.168.59.163,1362000221,1365538221,37407434,457,1341,532686,0,36343374,1985,522089,5502
172.25.141.12,192.168.59.163,1362000221,1365538221,2008240,515,4947,170507,0,1657817,49,171210,3195
192.168.59.115,172.25.141.116,1362000221,1365538221,1186765,9968,518,0,562,44,1172650,62,2961
192.168.59.163,211.234.233.66,1362000221,1365538221,1482277,4315,0,0,236119,108,1003202,7555,230978
192.168.59.115,172.25.141.60,1362000221,1365538221,1555432,9972,490,0,145,44,1541701,4,3076
192.168.59.163,172.25.141.164,1362000221,1365538221,1245930,6576,486,0,82134,46,1072943,2311,81434
192.168.59.115,211.234.233.82,1362000221,1365538221,1422845,5975,0,0,336424,61,742642,7210,330533
172.25.141.156,192.168.59.163,1362000221,1365538221,1421112,509,7382,68778,0,1274532,30,65372,4509
172.25.41.60,192.168.59.115,1362000221,1365538221,1098469,476,9976,256,0,1084498,28,3233,2
192.168.59.115,172.25.41.84,1362000221,1365538221,5606096,9967,502,0,467,194,5575581,16,19369
172.25.141.20,192.168.59.163,1362000221,1365538221,1917181,504,4942,169899,0,1568043,65,170719,3009
172.25.141.68,192.168.59.163,1362000221,1365538221,1571897,0,3923,193276,0,1179609,47,192663,2379
192.168.59.115,172.25.41.116,1362000221,1365538221,2468574,9973,491,0,537,99,2451028,4,6442
192.168.59.163,211.234.233.210,1362000221,1365538221,567074,9974,0,0,0,29,555720,0,1351
172.25.41.76,192.168.59.115,1362000221,1365538221,5622075,512,9967,428,0,5591593,178,19381,16
192.168.59.163,172.25.141.12,1362000221,1365538221,2008186,4954,515,0,170550,52,1657720,3195,171200
192.168.59.163,211.234.233.130,1362000221,1365538221,2405249,9978,0,0,0,146,2388344,9,6772
172.25.41.84,192.168.59.115,1362000221,1365538221,5606286,503,9967,472,0,5575766,189,19373,16
172.25.41.44,192.168.59.163,1362000221,1365538221,24274402,505,2648,341359,0,23590643,1243,335121,2883
192.168.59.115,172.25.41.36,1362000221,1365538221,1138477,9962,517,0,278,35,1124533,4,3148
192.168.59.115,172.25.141.4,1362000221,1365538221,627985,9939,461,0,557,30,614894,6,2098
172.25.141.76,192.168.59.115,1362000221,1365538221,1331618,475,9973,285,0,1317719,53,3108,5
192.168.59.163,211.234.233.50,1362000221,1365538221,993987,9977,0,0,0,62,981029,10,2909
172.25.41.52,192.168.59.163,1362000221,1365538221,24165264,471,2641,341859,0,23480787,1274,335416,2816
211.234.233.130,192.168.59.163,1362000221,1365538221,2405439,0,9978,0,0,2388529,145,6778,9
172.25.141.164,192.168.59.163,1362000221,1365538221,1245935,486,6579,82151,0,1072925,45,81434,2315
172.25.41.108,192.168.59.115,1362000221,1365538221,2400069,502,9967,592,0,2382566,90,6350,2
192.168.59.115,211.234.233.34,1362000221,1365538221,1424142,5363,0,0,308342,6,802217,9851,298363
211.234.233.50,192.168.59.163,1362000221,1365538221,994097,0,9979,0,0,981135,62,2911,10
192.168.59.163,172.25.41.124,1362000221,1365538221,40085346,1196,485,0,573934,2193,38942032,4435,561071
172.25.141.116,192.168.59.115,1362000221,1365538221,1186879,518,9969,563,0,1172766,40,2961,62
192.168.59.115,172.25.141.172,1362000221,1365538221,629020,9976,548,0,203,21,616896,3,1373
192.168.59.115,211.234.233.114,1362000221,1365538221,251908,9971,0,0,725,24,239808,17,1363
211.234.233.113,192.168.59.115,1362000221,1365538221,278290,0,9970,676,0,266262,23,1339,20
211.234.233.129,192.168.59.163,1362000221,1365538221,2400980,0,9968,0,0,2384035,155,6816,6
192.168.59.163,211.234.233.97,1362000221,1365538221,1270733,9975,0,0,0,91,1256707,8,3952
220.103.193.49,192.168.59.115,1362000221,1365538221,247504,0,9971,432,0,236159,19,820,103
192.168.59.115,211.234.233.1,1362000221,1365538221,194080,9954,0,0,762,8,182161,367,828
192.168.59.163,220.103.193.33,1362000221,1365538221,2762038,9973,0,0,0,191,2741258,23,10593
211.234.233.1,192.168.59.115,1362000221,1365538221,194088,0,9958,763,0,182163,8,828,368
192.168.59.115,220.103.193.17,1362000221,1365538221,1184769,6181,0,0,262559,12,653956,10913,251148
211.234.233.17,192.168.59.163,1362000221,1365538221,1259295,0,9984,0,0,1245282,102,3922,5
192.168.59.115,211.234.233.33,1362000221,1365538221,1527745,5462,0,0,308862,16,904686,9991,298728
192.168.59.163,211.234.233.209,1362000221,1365538221,542458,9973,0,0,0,31,531077,0,1377
220.103.193.17,192.168.59.115,1362000221,1365538221,1184769,0,6177,262547,0,653956,12,251153,10924
211.234.233.33,192.168.59.115,1362000221,1365538221,1527659,0,5458,308830,0,904678,16,298687,9990
192.168.59.163,211.234.233.129,1362000221,1365538221,2401005,9975,0,0,0,153,2384061,6,6810
211.234.233.65,192.168.59.163,1362000221,1365538221,1455700,0,4168,236257,0,976563,78,231053,7581
211.234.233.97,192.168.59.163,1362000221,1365538221,1270735,0,9979,0,0,1256703,91,3954,8
192.168.59.163,211.234.233.65,1362000221,1365538221,1455545,4173,0,0,236248,79,976426,7580,231039
192.168.59.163,211.234.233.49,1362000221,1365538221,994021,9982,0,0,0,68,981134,9,2828
220.103.193.1,192.168.59.163,1362000221,1365538221,3114470,0,6475,119569,0,2856083,302,123405,8636
211.234.233.193,192.168.59.115,1362000221,1365538221,317186,0,9958,764,0,304920,18,1486,40
192.168.59.115,220.103.193.49,1362000221,1365538221,247532,9961,0,0,433,19,236195,102,822
192.168.59.115,211.234.233.113,1362000221,1365538221,278296,9968,0,0,672,23,266273,20,1340
211.234.233.81,192.168.59.115,1362000221,1365538221,1446996,0,6008,335536,0,768425,57,329847,7123
211.234.233.49,192.168.59.163,1362000221,1365538221,994035,0,9975,0,0,981154,68,2829,9
192.168.59.115,211.234.233.193,1362000221,1365538221,317147,9954,0,0,763,18,304886,40,1486
192.168.59.163,211.234.233.17,1362000221,1365538221,1259239,9980,0,0,0,102,1245232,5,3920
192.168.59.163,220.103.193.1,1362000221,1365538221,3114417,6470,0,0,119567,303,2856058,8644,123375
211.234.233.209,192.168.59.163,1362000221,1365538221,542468,0,9980,0,0,531076,31,1381,0
220.103.193.33,192.168.59.163,1362000221,1365538221,2762200,0,9965,0,0,2741423,191,10598,23
192.168.59.115,211.234.233.81,1362000221,1365538221,1446968,6009,0,0,335553,57,768389,7128,329832
220.103.193.65,192.168.59.115,1362000221,1365538221,811546,0,6342,242976,0,319103,15,237878,5232
192.168.59.115,220.103.193.65,1362000221,1365538221,811490,6343,0,0,242941,15,319103,5238,237850
192.168.59.163,172.25.11.172,1362000221,1365538221,24446884,2214,467,0,391238,1394,23690363,1265,359943
172.25.11.204,192.168.59.115,1362000221,1365538221,2482078,494,9961,881,0,2463620,78,7038,6
192.168.59.115,172.25.11.100,1362000221,1365538221,831366,9978,534,0,71,31,818492,1,2259
172.25.11.132,192.168.59.115,1362000221,1365538221,7848573,425,9975,483,0,7807848,343,29400,99
192.168.59.115,172.25.31.20,1362000221,1365538221,25478804,4941,504,0,358753,1244,24757567,2751,353044
192.168.59.115,172.25.11.12,1362000221,1365538221,4099697,9970,496,0,456,163,4075338,12,13262
172.25.31.108,192.168.59.163,1362000221,1365538221,3897834,453,9981,0,0,3874481,126,12783,10
192.168.59.115,172.25.51.140,1362000221,1365538221,26460543,5262,476,0,319658,936,25829666,714,303831
172.25.11.20,192.168.59.115,1362000221,1365538221,4196183,490,9964,481,0,4171806,169,13260,13
192.168.59.163,172.25.11.76,1362000221,1365538221,33785965,1733,553,0,470813,1953,32857612,2175,451126
172.25.11.44,192.168.59.115,1362000221,1365538221,3099022,514,9962,1039,0,3075896,111,11488,12
192.168.59.163,172.25.11.60,1362000221,1365538221,32759446,1443,473,0,554191,1738,31660759,3062,537780
192.168.59.163,172.25.51.44,1362000221,1365538221,762933,9973,490,0,0,29,750726,1,1714
172.25.11.36,192.168.59.163,1362000221,1365538221,32654039,508,1497,554153,0,31556028,1627,537195,3031
192.168.59.163,172.25.51.132,1362000221,1365538221,4647013,9979,491,0,0,148,4624669,3,11723
172.25.51.52,192.168.59.163,1362000221,1365538221,804529,460,9975,0,0,792352,34,1707,1
172.25.31.140,192.168.59.163,1362000221,1365538221,4349160,529,9969,0,0,4320395,209,18051,7
172.25.51.76,192.168.59.115,1362000221,1365538221,32495703,521,3045,638162,0,31228302,1322,615082,9269
192.168.59.115,172.25.51.196,1362000221,1365538221,34040678,3939,525,0,460379,1582,33123163,1697,449393
172.25.51.44,192.168.59.163,1362000221,1365538221,762981,491,9972,0,0,750775,29,1713,1
192.168.59.115,172.25.31.156,1362000221,1365538221,25944361,4633,566,0,369341,1101,25218512,1071,349137
192.168.59.163,172.25.11.140,1362000221,1365538221,25894214,1991,502,0,396444,1428,25126220,2108,365521
192.168.59.115,172.25.11.164,1362000221,1365538221,8045421,9969,524,0,390,334,8004091,24,30089
172.25.51.204,192.168.59.163,1362000221,1365538221,2577936,469,9977,0,0,2559345,151,7991,3
172.25.11.180,192.168.59.163,1362000221,1365538221,24503237,493,2237,391946,0,23746142,1279,359808,1332
172.25.51.172,192.168.59.115,1362000221,1365538221,42285774,1993,3252,572429,0,41141186,2036,560955,3923
192.168.59.163,172.25.51.100,1362000221,1365538221,3675199,9973,541,0,0,218,3647533,3,16931
172.25.11.60,192.168.59.163,1362000221,1365538221,32760869,472,1443,554250,0,31662144,1702,537801,3057
172.25.31.156,192.168.59.115,1362000221,1365538221,25945931,566,4629,369357,0,25220084,1083,349141,1071
192.168.59.163,172.25.11.228,1362000221,1365538221,37994660,1444,497,0,515532,2258,36965309,4222,505398
192.168.59.163,172.25.31.148,1362000221,1365538221,4345967,9970,500,0,0,200,4317501,6,17790
172.25.11.28,192.168.59.163,1362000221,1365538221,33830558,490,973,613458,0,32614715,1683,595675,3564
172.25.31.180,192.168.59.163,1362000221,1365538221,4025235,496,9979,0,0,4002420,150,12185,5
172.25.31.164,192.168.59.115,1362000221,1365538221,37393079,508,3574,511060,0,36380178,1721,493305,2733
172.25.11.236,192.168.59.115,1362000221,1365538221,1774854,490,9972,691,0,1758618,92,4983,8
192.168.59.163,172.25.51.204,1362000221,1365538221,2577677,9976,468,0,0,157,2559081,3,7992
192.168.59.115,172.25.11.68,1362000221,1365538221,5039571,9957,490,0,586,222,5012449,16,15851
192.168.59.115,172.25.11.236,1362000221,1365538221,1774819,9975,490,0,689,93,1758574,8,4990
172.25.11.76,192.168.59.163,1362000221,1365538221,33787672,554,1732,470726,0,32859391,1920,451173,2176
172.25.51.100,192.168.59.163,1362000221,1365538221,3675493,543,9974,0,0,3647838,211,16924,3
172.25.31.76,192.168.59.163,1362000221,1365538221,6895615,556,9970,0,0,6859827,283,24966,13
172.25.11.52,192.168.59.115,1362000221,1365538221,3148476,479,9956,1058,0,3125417,118,11441,7
172.25.51.20,192.168.59.163,1362000221,1365538221,587869,486,9981,0,0,576215,14,1173,0
192.168.59.163,172.25.51.20,1362000221,1365538221,587816,9972,486,0,0,14,576170,0,1174
192.168.59.163,172.25.31.76,1362000221,1365538221,6894776,9977,554,0,0,289,6858980,13,24963
192.168.59.163,172.25.11.108,1362000221,1365538221,19418288,3373,500,0,269923,1129,18878646,2630,262087
172.25.31.60,192.168.59.163,1362000221,1365538221,4495608,469,9973,0,0,4474643,143,10372,8
172.25.31.172,192.168.59.163,1362000221,1365538221,4144784,477,9971,0,0,4122109,161,12060,6
172.25.51.12,192.168.59.163,1362000221,1365538221,565180,531,9982,0,0,553492,27,1147,1
172.25.51.28,192.168.59.115,1362000221,1365538221,19574353,450,5844,269225,0,19030157,1010,265648,2019
192.168.59.163,172.25.51.164,1362000221,1365538221,1785833,9978,679,0,0,88,1770818,2,4268
192.168.59.115,172.25.31.44,1362000221,1365538221,20032796,6271,474,0,248355,698,19543170,1152,232676
172.25.31.188,192.168.59.115,1362000221,1365538221,37697509,533,3615,511687,0,36683129,1764,494011,2770
192.168.59.115,172.25.11.52,1362000221,1365538221,3148466,9958,481,0,1056,119,3125404,7,11441
192.168.59.115,172.25.31.68,1362000221,1365538221,21419336,5069,492,0,337821,904,20765057,1422,308571
192.168.59.115,172.25.51.228,1362000221,1365538221,20786789,5190,481,0,302378,1116,20182247,1658,293719
172.25.51.148,192.168.59.115,1362000221,1365538221,26290116,539,5380,319560,0,25658962,931,303994,750
192.168.59.115,172.25.11.132,1362000221,1365538221,7848508,9971,425,0,481,349,7807791,99,29392
192.168.59.163,172.25.31.4,1362000221,1365538221,884707,9975,531,0,0,38,872082,1,2080
172.25.11.228,192.168.59.163,1362000221,1365538221,37995813,498,1444,515612,0,36966352,2211,505476,4220
172.25.31.36,192.168.59.163,1362000221,1365538221,4394306,517,9968,0,0,4373294,149,10376,2
172.25.51.4,192.168.59.115,1362000221,1365538221,19349575,522,5719,269620,0,18804929,995,265783,2007
192.168.59.163,172.25.11.196,1362000221,1365538221,37667675,1368,518,0,505948,2157,36660359,3233,494092
172.25.11.244,192.168.59.115,1362000221,1365538221,1756784,493,9966,691,0,1740595,68,4965,6
172.25.11.124,192.168.59.115,1362000221,1365538221,860906,470,9982,85,0,847979,23,2366,1
192.168.59.115,172.25.11.124,1362000221,1365538221,860849,9968,469,0,85,23,847935,1,2368
172.25.51.132,192.168.59.163,1362000221,1365538221,4647268,491,9975,0,0,4624923,143,11733,3
172.25.31.68,192.168.59.115,1362000221,1365538221,21420163,490,5068,337805,0,20765893,870,308612,1425
192.168.59.115,172.25.51.28,1362000221,1365538221,19573124,5843,448,0,269211,1053,19028930,2020,265619
172.25.11.116,192.168.59.163,1362000221,1365538221,19485302,495,3429,270420,0,18944890,1096,262257,2715
192.168.59.115,172.25.11.204,1362000221,1365538221,2482085,9957,493,0,881,78,2463618,6,7052
172.25.31.92,192.168.59.115,1362000221,1365538221,21421086,487,5087,336945,0,20768466,848,307850,1403
172.25.51.212,192.168.59.163,1362000221,1365538221,2598882,505,9969,0,0,2580373,140,7894,1
192.168.59.115,172.25.51.172,1362000221,1365538221,42283887,3250,1996,0,572407,2071,41139294,3927,560942
192.168.59.163,172.25.51.92,1362000221,1365538221,3886420,9970,479,0,73,165,3860824,672,14237
172.25.11.220,192.168.59.163,1362000221,1365538221,37400377,509,1442,505890,0,36393786,2023,493426,3301
192.168.59.163,172.25.51.52,1362000221,1365538221,804475,9973,461,0,0,37,792295,1,1708
192.168.59.163,172.25.31.172,1362000221,1365538221,4144471,9973,477,0,0,165,4121797,6,12053
172.25.31.4,192.168.59.163,1362000221,1365538221,884734,533,9974,0,0,872110,38,2078,1
192.168.59.163,172.25.51.236,1362000221,1365538221,1892514,9976,485,0,0,98,1877410,4,4541
192.168.59.115,172.25.51.84,1362000221,1365538221,32840250,3037,517,0,639099,1423,31570330,9077,616767
192.168.59.163,172.25.11.220,1362000221,1365538221,37398702,1440,509,0,505859,2053,36392059,3300,493482
192.168.59.115,172.25.31.164,1362000221,1365538221,37391188,3577,507,0,511035,1753,36378253,2734,493329
172.25.51.196,192.168.59.115,1362000221,1365538221,34042045,527,3939,460366,0,33124546,1553,449422,1692
172.25.31.12,192.168.59.115,1362000221,1365538221,25329996,447,4993,358081,0,24609740,1226,352700,2809
192.168.59.115,172.25.11.20,1362000221,1365538221,4196217,9958,491,0,483,176,4171833,13,13263
192.168.59.163,172.25.31.108,1362000221,1365538221,3897514,9975,451,0,0,129,3874155,10,12794
172.25.51.188,192.168.59.163,1362000221,1365538221,1792154,665,9976,0,0,1777090,97,4326,0
172.25.51.36,192.168.59.115,1362000221,1365538221,17371582,501,6020,253293,0,16860984,772,247508,2504
192.168.59.115,172.25.11.188,1362000221,1365538221,8146076,9968,486,0,381,347,8104785,29,30080
172.25.11.252,192.168.59.163,1362000221,1365538221,37949343,517,1356,515043,0,36920359,2219,505605,4244
172.25.31.100,192.168.59.115,1362000221,1365538221,25318549,532,4304,438780,0,24449017,965,420678,4273
192.168.59.163,172.25.11.116,1362000221,1365538221,19483040,3428,496,0,270392,1129,18942621,2710,262264
172.25.11.148,192.168.59.163,1362000221,1365538221,25978813,510,2002,397536,0,25209627,1382,365694,2062
192.168.59.163,172.25.11.28,1362000221,1365538221,33828059,975,490,0,613491,1716,32612124,3568,595695
172.25.51.228,192.168.59.115,1362000221,1365538221,20788236,482,5193,302406,0,20183671,1083,293745,1656
192.168.59.115,172.25.51.76,1362000221,1365538221,32492585,3049,524,0,638120,1341,31225171,9281,615099
192.168.59.163,172.25.51.156,1362000221,1365538221,4683896,9980,520,0,0,144,4661499,7,11746
172.25.51.116,192.168.59.115,1362000221,1365538221,33625166,535,3783,504849,0,32621286,1697,491064,1952
192.168.59.115,172.25.11.92,1362000221,1365538221,4991598,9960,502,0,564,225,4964368,12,15967
192.168.59.115,172.25.31.124,1362000221,1365538221,25148518,4345,487,0,437368,1014,24281835,4158,419311
192.168.59.115,172.25.51.60,1362000221,1365538221,17240041,5995,507,0,252934,751,16730107,2462,247285
172.25.11.100,192.168.59.115,1362000221,1365538221,831393,534,9980,70,0,818517,30,2261,1
172.25.51.156,192.168.59.163,1362000221,1365538221,4684203,519,9976,0,0,4661810,141,11750,7
192.168.59.115,172.25.51.148,1362000221,1365538221,26289221,5377,538,0,319536,953,25658091,752,303974
172.25.11.188,192.168.59.115,1362000221,1365538221,8146674,486,9966,381,0,8105385,343,30084,29
172.25.31.44,192.168.59.115,1362000221,1365538221,20033882,472,6264,248362,0,19544261,683,232687,1153
192.168.59.163,172.25.51.124,1362000221,1365538221,3577397,9979,488,0,0,216,3550068,9,16637
172.25.11.196,192.168.59.163,1362000221,1365538221,37668772,518,1368,506014,0,36661382,2117,494145,3228
192.168.59.163,172.25.51.212,1362000221,1365538221,2598652,9978,503,0,0,146,2580130,1,7894
192.168.59.163,172.25.31.140,1362000221,1365538221,4348832,9971,530,0,0,212,4320070,7,18042
192.168.59.163,172.25.11.180,1362000221,1365538221,24502448,2234,494,0,391897,1299,23745390,1335,359799
192.168.59.115,172.25.31.188,1362000221,1365538221,37695696,3615,533,0,511732,1797,36681257,2766,493996
192.168.59.115,172.25.31.52,1362000221,1365538221,19965528,6241,464,0,247581,770,19476966,1079,232427
192.168.59.115,172.25.51.116,1362000221,1365538221,33623584,3786,534,0,504815,1718,32619711,1954,491066
172.25.11.156,192.168.59.115,1362000221,1365538221,8067024,564,9977,475,0,8025740,356,29826,86
192.168.59.115,172.25.51.108,1362000221,1365538221,33343871,3874,483,0,505350,1635,32338910,2029,491590
192.168.59.115,172.25.11.244,1362000221,1365538221,1756680,9967,492,0,692,69,1740485,6,4969
192.168.59.115,172.25.31.132,1362000221,1365538221,26023471,4718,467,0,369529,1082,25297461,1082,349132
172.25.51.164,192.168.59.163,1362000221,1365538221,1785842,679,9976,0,0,1770832,85,4268,2
192.168.59.115,172.25.11.156,1362000221,1365538221,8066588,9968,565,0,475,365,8025300,86,29829
192.168.59.163,172.25.11.84,1362000221,1365538221,33812949,1714,487,0,470368,1901,32885043,2281,451155
172.25.51.244,192.168.59.163,1362000221,1365538221,1913315,476,9978,0,0,1898171,76,4608,6
172.25.51.236,192.168.59.163,1362000221,1365538221,1892541,485,9973,0,0,1877438,92,4549,4
192.168.59.163,172.25.31.116,1362000221,1365538221,3930660,9970,513,0,0,132,3907182,13,12850
192.168.59.163,172.25.11.252,1362000221,1365538221,37946564,1355,515,0,515041,2260,36917521,4243,505629
192.168.59.163,172.25.51.188,1362000221,1365538221,1792138,9975,666,0,0,101,1777077,0,4319
172.25.11.4,192.168.59.163,1362000221,1365538221,33971287,481,925,614080,0,32754673,1605,595920,3603
172.25.11.172,192.168.59.163,1362000221,1365538221,24448248,467,2216,391231,0,23691707,1370,359993,1264
172.25.31.148,192.168.59.163,1362000221,1365538221,4346286,499,9978,0,0,4317810,195,17798,6
172.25.11.92,192.168.59.115,1362000221,1365538221,4991772,501,9964,565,0,4964553,213,15964,12
192.168.59.115,172.25.31.92,1362000221,1365538221,21420160,5090,488,0,336887,871,20767546,1404,307874
192.168.59.115,172.25.51.220,1362000221,1365538221,34151583,4016,501,0,460029,1565,33235583,1701,448188
172.25.51.60,192.168.59.115,1362000221,1365538221,17240434,508,5988,252916,0,16730499,731,247329,2463
172.25.11.164,192.168.59.115,1362000221,1365538221,8045441,524,9971,392,0,8004117,328,30085,24
192.168.59.115,172.25.51.180,1362000221,1365538221,42314410,3288,0,0,573244,2064,41169171,3810,562833
192.168.59.163,172.25.31.60,1362000221,1365538221,4495249,9971,468,0,0,148,4474276,8,10378
192.168.59.115,172.25.31.100,1362000221,1365538221,25316911,4302,532,0,438749,983,24447444,4274,420627
192.168.59.163,172.25.11.36,1362000221,1365538221,32652678,1497,507,0,554115,1667,31554637,3038,537217
192.168.59.163,172.25.31.84,1362000221,1365538221,6905256,9979,491,0,0,281,6869490,9,25006
172.25.51.180,192.168.59.115,1362000221,1365538221,42316800,0,3289,573276,0,41171491,2030,562905,3809
192.168.59.115,172.25.51.4,1362000221,1365538221,19348277,5715,522,0,269658,1028,18803559,2008,265787
192.168.59.163,172.25.51.244,1362000221,1365538221,1913191,9969,477,0,0,81,1898048,6,4610
172.25.31.20,192.168.59.115,1362000221,1365538221,25480611,504,4941,358805,0,24759401,1219,352991,2750
192.168.59.163,172.25.11.148,1362000221,1365538221,25978017,2002,511,0,397549,1420,25208789,2063,365683
172.25.51.220,192.168.59.115,1362000221,1365538221,34153297,501,4012,460088,0,33237158,1536,448305,1697
172.25.51.92,192.168.59.163,1362000221,1365538221,3886434,477,9983,72,0,3860845,156,14229,672
192.168.59.115,172.25.11.44,1362000221,1365538221,3098998,9957,514,0,1039,113,3075875,12,11488
172.25.11.140,192.168.59.163,1362000221,1365538221,25895441,503,1990,396525,0,25127381,1395,365541,2106
192.168.59.115,172.25.11.212,1362000221,1365538221,2540632,9948,473,0,807,99,2522295,4,7006
172.25.51.124,192.168.59.163,1362000221,1365538221,3577552,488,9974,0,0,3550226,211,16644,9
192.168.59.115,172.25.31.12,1362000221,1365538221,25328319,4996,447,0,358143,1259,24608000,2805,352669
172.25.31.84,192.168.59.163,1362000221,1365538221,6906128,490,9974,0,0,6870370,275,25010,9
172.25.11.12,192.168.59.115,1362000221,1365538221,4099830,498,9971,457,0,4075468,160,13265,11
172.25.31.116,192.168.59.163,1362000221,1365538221,3930957,512,9975,0,0,3907476,128,12853,13
192.168.59.163,172.25.51.12,1362000221,1365538221,565097,9972,530,0,0,28,553423,1,1143
172.25.51.252,192.168.59.115,1362000221,1365538221,20811316,484,5184,302872,0,20206881,1067,293172,1656
192.168.59.163,172.25.31.36,1362000221,1365538221,4394149,9975,517,0,0,160,4373113,2,10382
172.25.31.52,192.168.59.115,1362000221,1365538221,19966295,463,6245,247637,0,19477712,756,232406,1076
172.25.31.124,192.168.59.115,1362000221,1365538221,25149599,487,4345,437408,0,24282924,987,419292,4156
172.25.51.108,192.168.59.115,1362000221,1365538221,33344948,483,3872,505301,0,32340057,1580,491627,2028
172.25.31.132,192.168.59.115,1362000221,1365538221,26024669,465,4723,369524,0,25298574,1068,349234,1081
192.168.59.115,172.25.51.36,1362000221,1365538221,17370780,6018,503,0,253293,792,16860145,2509,247520
172.25.51.84,192.168.59.115,1362000221,1365538221,32842905,516,3037,639176,0,31572923,1384,616807,9062
172.25.51.68,192.168.59.163,1362000221,1365538221,3800234,495,9979,83,0,3774671,158,14204,644
192.168.59.115,172.25.51.252,1362000221,1365538221,20810598,5185,485,0,302879,1091,20206097,1656,293205
172.25.11.84,192.168.59.163,1362000221,1365538221,33815028,486,1713,470339,0,32887136,1865,451209,2280
172.25.11.212,192.168.59.115,1362000221,1365538221,2540745,473,9951,806,0,2522396,96,7019,4
172.25.51.140,192.168.59.115,1362000221,1365538221,26461410,476,5258,319671,0,25830520,909,303863,713
192.168.59.163,172.25.51.68,1362000221,1365538221,3800088,9974,497,0,83,161,3774527,644,14202
192.168.59.163,172.25.31.28,1362000221,1365538221,887224,9978,518,0,0,31,874750,0,1947
172.25.11.68,192.168.59.115,1362000221,1365538221,5039445,491,9961,584,0,5012316,220,15857,16
172.25.31.28,192.168.59.163,1362000221,1365538221,887277,518,9972,0,0,874809,30,1948,0
192.168.59.163,172.25.11.4,1362000221,1365538221,33968780,926,481,0,614141,1659,32752040,3615,595918
192.168.59.163,172.25.31.180,1362000221,1365538221,4024938,9979,495,0,0,157,4002120,5,12182
172.25.11.108,192.168.59.163,1362000221,1365538221,19419473,501,3378,269899,0,18879870,1093,262101,2631
